{
  "cmd/gssh-server/main.go": 1784463946.0951643,
  "cmd/gssh-server/main_test.go": 1784457814.3288064,
  "cmd/gssh/main.go": 1784455337.185405,
  "cmd/gssh-admin/main.go": 1784460579.9557123,
  "cmd/gssh-agentd/main.go": 1784458112.9655206,
  "internal/auth/idp_fake_test.go": 1784443106.3423822,
  "internal/auth/sync.go": 1784443362.826992,
  "internal/auth/keycloak_integration_test.go": 1784460985.715237,
  "internal/auth/mapper_test.go": 1784442982.862464,
  "internal/auth/verifier_test.go": 1784443106.3423574,
  "internal/auth/flow.go": 1784442743.268097,
  "internal/auth/sync_test.go": 1784443047.7235286,
  "internal/auth/mapper.go": 1784442665.6473966,
  "internal/auth/store_fake_test.go": 1784443036.8069556,
  "internal/auth/gitlab.go": 1784464482.7938893,
  "internal/auth/keycloak.go": 1784442717.040757,
  "internal/auth/flow_test.go": 1784443362.8203492,
  "internal/auth/verifier.go": 1784461039.3128612,
  "internal/auth/gitlab_test.go": 1784464484.8615246,
  "internal/ca/mtls_test.go": 1784457465.2356348,
  "internal/ca/policy_test.go": 1784440718.8327823,
  "internal/ca/policy.go": 1784440399.883085,
  "internal/ca/softsigner_test.go": 1784440728.4061491,
  "internal/ca/ca_test.go": 1784440726.3065884,
  "internal/ca/softsigner.go": 1784440376.8570235,
  "internal/ca/keyid_test.go": 1784464132.0782933,
  "internal/ca/keycrypt_test.go": 1784440534.9702394,
  "internal/ca/keycrypt.go": 1784440346.3240051,
  "internal/ca/keyid.go": 1784463639.5813124,
  "internal/ca/signer.go": 1784440351.7811697,
  "internal/ca/ca.go": 1784440724.4216712,
  "internal/ca/mtls.go": 1784457418.9326005,
  "internal/cli/ssh_test.go": 1784455532.5490725,
  "internal/cli/cilogin.go": 1784463817.5835347,
  "internal/cli/config.go": 1784460510.0801327,
  "internal/cli/login_test.go": 1784455515.5365422,
  "internal/cli/client.go": 1784463824.173225,
  "internal/cli/agent.go": 1784455757.0137703,
  "internal/cli/cilogin_test.go": 1784464107.6604536,
  "internal/cli/cli.go": 1784463829.33927,
  "internal/cli/agent_test.go": 1784455466.2652633,
  "internal/cli/helpers_test.go": 1784464093.3484309,
  "internal/cli/config_test.go": 1784460510.0760329,
  "internal/cli/client_test.go": 1784455758.5673277,
  "internal/cli/cli_test.go": 1784455559.5364275,
  "internal/cli/ssh.go": 1784455297.199713,
  "internal/cli/login.go": 1784460461.396033,
  "internal/admincli/cigrant.go": 1784463890.4732115,
  "internal/admincli/cigrant_test.go": 1784464198.9545524,
  "internal/admincli/client.go": 1784463855.025428,
  "internal/admincli/cli.go": 1784463928.2197506,
  "internal/admincli/apply.go": 1784463911.8262813,
  "internal/admincli/cli_test.go": 1784464169.2550035,
  "internal/version/version.go": 1784438671.835047,
  "internal/version/version_test.go": 1784438673.821147,
  "internal/api/admin_ci.go": 1784463796.0103188,
  "internal/api/enroll_test.go": 1784457611.1552122,
  "internal/api/server.go": 1784463742.6979775,
  "internal/api/sign_ci_test.go": 1784464060.8276567,
  "internal/api/admin_test.go": 1784464014.0571966,
  "internal/api/sign_ci.go": 1784464539.64563,
  "internal/api/agent.go": 1784457546.5024884,
  "internal/api/enroll.go": 1784457527.9224865,
  "internal/api/admin.go": 1784463761.823615,
  "internal/api/agent_test.go": 1784458824.3289757,
  "internal/api/sign_test.go": 1784460619.9953914,
  "internal/api/admin_ci_test.go": 1784464009.430242,
  "internal/api/sign.go": 1784464547.9426436,
  "internal/api/server_test.go": 1784443058.6437242,
  "internal/pintls/pintls.go": 1784457865.9229844,
  "internal/agentd/config.go": 1784458824.555086,
  "internal/agentd/client.go": 1784458015.2328093,
  "internal/agentd/principals.go": 1784458085.0116546,
  "internal/agentd/agentd_test.go": 1784458858.7202902,
  "internal/agentd/enroll_integration_test.go": 1784460428.8593872,
  "internal/agentd/enroll.go": 1784458808.2757733,
  "internal/agentd/cli.go": 1784458106.0862482,
  "internal/agentd/ci_integration_test.go": 1784464612.5325418,
  "internal/agentd/daemon.go": 1784458800.6601708,
  "internal/agentd/client_test.go": 1784459090.24501,
  "internal/store/users.go": 1784440297.8771589,
  "internal/store/query.go": 1784440288.706262,
  "internal/store/audit.go": 1784440313.3399038,
  "internal/store/issuance.go": 1784440317.730285,
  "internal/store/store.go": 1784440288.707516,
  "internal/store/grants.go": 1784462044.7713392,
  "internal/store/types.go": 1784457372.2869694,
  "internal/store/groups.go": 1784440297.8766732,
  "internal/store/hosts.go": 1784440288.7057188,
  "internal/store/certificates.go": 1784440330.6125374,
  "internal/store/ci_grants_integration_test.go": 1784464486.8506525,
  "internal/store/ca_keys.go": 1784440288.7045257,
  "internal/store/store_integration_test.go": 1784464235.6009192,
  "internal/store/ci_grants_test.go": 1784464486.8605862,
  "internal/store/enrollment.go": 1784463653.2459455,
  "internal/store/enrollment_integration_test.go": 1784460427.5723748,
  "internal/store/ci_grants.go": 1784463628.4726532,
  "internal/store/migrate.go": 1784440288.705994,
  "INITIAL_PROJECT_PLAN.md": 1784464522.1344512,
  "README.md": 1784464662.1139922,
  "CLAUDE.md": 1784463184.4738524,
  "docs/audit-retention.md": 1784439993.253022,
  "docs/ci-runner.md": 1784463041.1264193,
  "docs/teststrategie.md": 1784438762.494695,
  "docs/gitlab-ci.md": 1784464428.5749278,
  "docs/grants.md": 1784461022.7239482,
  "docs/bedrohungsmodell.md": 1784438789.0859187,
  "docs/adr/000-template.md": 1784438802.8807971,
  "docs/adr/007-deployment-helm-fluxcd.md": 1784438845.0538597,
  "docs/adr/018-grants-additiv.md": 1784460961.2008939,
  "docs/adr/009-build-tooling-make-golangci.md": 1784438859.7572002,
  "docs/adr/002-postgresql.md": 1784438814.2958767,
  "docs/adr/016-cli-gssh-agent-only.md": 1784455676.1405394,
  "docs/adr/003-frontend-angular-embedded.md": 1784438819.9961731,
  "docs/adr/019-gitlab-ci-grants.md": 1784463561.00047,
  "docs/adr/README.md": 1784464468.5010464,
  "docs/adr/011-versionierung-und-lizenz.md": 1784438875.2500196,
  "docs/adr/013-repository-layer-pgx.md": 1784439972.4486997,
  "docs/adr/014-software-signer-aes-gcm.md": 1784440811.1137426,
  "docs/adr/004-ansible-nur-referenz.md": 1784438826.1301641,
  "docs/adr/006-signer-interface-kms.md": 1784438840.8200572,
  "docs/adr/008-api-rest-mtls-oidc.md": 1784438852.3169746,
  "docs/adr/001-backend-go.md": 1784438808.9951837,
  "docs/adr/015-oidc-go-oidc-gruppen-sync.md": 1784443419.5687397,
  "docs/adr/017-host-enrollment-mtls.md": 1784458721.8013878,
  "docs/adr/012-migrations-goose.md": 1784439964.9129293,
  "docs/adr/005-host-integration-phasen.md": 1784438834.118055,
  "docs/adr/010-container-image-dockerfile.md": 1784439062.1641495,
  "graphify-out/graph.html": 1784465356.5972111,
  "graphify-out/GRAPH_REPORT.md": 1784465356.4268513
}